date, pm25, pm10, no2
2025/11/1, 21, 8, 
2025/11/2, 29, 7, 1
2025/11/3, 23, 3, 
2025/11/4, 10, 8, 1
2025/11/5, 24, 11, 3
2025/11/6, 36, 13, 5
2025/11/7, 40, 17, 1
2025/11/8, 54, 10, 
2025/11/9, 39, 5, 2
2025/11/10, 20, 6, 1
2025/11/11, 18, 6, 
2025/11/12, 21, 2, 1
2025/11/13, 8, 3, 1
2025/11/14, 11, 3, 
2025/11/15, 10, 3, 1
2025/11/16, 12, 2, 1
2025/11/17, 9, , 
2025/10/1, 24, 10, 3
2025/10/2, 34, 10, 3
2025/10/3, 34, 8, 
2025/10/4, 27, 3, 
2025/10/5, 12, 6, 3
2025/10/6, 19, 5, 1
2025/10/7, 16, 5, 1
2025/10/8, 14, 5, 
2025/10/9, 17, 6, 
2025/10/10, 18, 4, 
2025/10/11, 13, 2, 
2025/10/12, 7, 2, 
2025/10/13, 6, 3, 1
2025/10/14, 12, 8, 1
2025/10/15, 21, 5, 
2025/10/16, 13, 4, 
2025/10/17, 10, 2, 
2025/10/18, 8, 3, 
2025/10/19, 9, 6, 3
2025/10/20, 17, 14, 1
2025/10/21, 50, 15, 1
2025/10/22, 53, 15, 2
2025/10/23, 54, 11, 1
2025/10/24, 43, 7, 1
2025/10/25, 22, 5, 1
2025/10/26, 17, 5, 2
2025/10/27, 17, 6, 1
2025/10/28, 17, 6, 2
2025/10/29, 19, 4, 2
2025/10/30, 17, 2, 1
2025/10/31, 6, 6, 
2025/7/1, 17, 13, 2
2025/7/2, 31, 7, 1
2025/7/3, 21, 5, 
2025/7/4, 14, 3, 
2025/7/5, 14, 4, 
2025/7/6, 13, , 
2025/7/8, 12, 5, 2
2025/7/9, 15, 7, 2
2025/7/10, 21, 9, 1
2025/7/11, 22, 13, 
2025/7/12, 45, 7, 
2025/7/13, 25, 8, 2
2025/7/14, 28, 9, 
2025/7/15, 30, 14, 1
2025/7/16, 49, 11, 1
2025/7/17, 31, 11, 2
2025/7/18, 31, 11, 1
2025/7/19, 38, 11, 
2025/7/20, 35, 12, 1
2025/7/21, 31, 12, 
2025/7/22, 43, 12, 
2025/7/23, 43, 12, 1
2025/7/24, 39, 7, 1
2025/7/25, 27, 10, 
2025/7/26, 35, 7, 
2025/7/27, 24, 8, 
2025/7/28, 18, 5, 2
2025/7/29, 20, 8, 1
2025/7/30, 26, 9, 
2025/7/31, 30, , 
2025/8/5, 15, 7, 
2025/8/6, 21, 7, 
2025/8/7, 22, 10, 
2025/8/8, 31, 7, 
2025/8/9, 21, 5, 
2025/8/10, 17, 6, 
2025/8/11, 18, 5, 
2025/8/12, 15, 7, 2
2025/8/13, 20, 12, 18
2025/8/14, 24, 13, 30
2025/8/15, 38, 3, 
2025/8/16, 8, 4, 
2025/8/17, 8, 5, 2
2025/8/18, 11, 8, 1
2025/8/19, 14, 4, 
2025/8/20, 6, 6, 1
2025/8/21, 10, 2, 1
2025/8/22, 6, 1, 
2025/8/23, 4, 2, 
2025/8/24, 5, 2, 
2025/8/25, 4, 3, 1
2025/8/26, 8, 5, 3
2025/8/27, 15, 9, 1
2025/8/28, 26, 12, 2
2025/8/29, 40, 9, 
2025/8/30, 36, , 
2025/9/4, 20, 13, 4
2025/9/5, 34, 6, 
2025/9/6, 24, 9, 
2025/9/7, 32, 13, 1
2025/9/8, 45, 17, 1
2025/9/9, 51, 19, 2
2025/9/10, 51, 13, 
2025/9/11, 42, 7, 
2025/9/12, 24, 4, 
2025/9/13, 14, 6, 
2025/9/14, 20, 5, 
2025/9/15, 16, 4, 
2025/9/16, 14, 5, 
2025/9/17, 15, 7, 
2025/9/18, 21, 9, 
2025/9/19, 26, 9, 
2025/9/20, 29, 9, 
2025/9/21, 30, 3, 
2025/9/22, 8, 3, 
2025/9/23, 8, 5, 1
2025/9/24, 11, 6, 2
2025/9/25, 14, 7, 5
2025/9/26, 19, 8, 4
2025/9/27, 27, 6, 3
2025/9/28, 22, 5, 2
2025/9/29, 12, 6, 4
2025/9/30, 18, 8, 4
2025/4/1, 16, 19, 3
2025/4/2, 25, 15, 2
2025/4/3, 18, 11, 1
2025/4/4, 12, 8, 
2025/4/5, 7, 10, 2
2025/4/6, 13, 17, 4
2025/4/7, 17, 15, 4
2025/4/8, 22, 17, 1
2025/4/9, 16, 10, 1
2025/4/10, 14, 6, 1
2025/4/11, 11, 5, 1
2025/4/12, 13, 11, 
2025/4/13, 32, 16, 2
2025/4/14, 44, 16, 3
2025/4/15, 34, 17, 2
2025/4/16, 48, 12, 1
2025/4/17, 43, 9, 1
2025/4/18, 32, 9, 1
2025/4/19, 33, 2, 
2025/4/20, 8, 2, 
2025/4/21, 6, 9, 1
2025/4/22, 34, 11, 3
2025/4/23, 40, 4, 1
2025/4/24, 9, 4, 1
2025/4/25, 8, 4, 
2025/4/26, 10, 6, 1
2025/4/27, 16, 15, 1
2025/4/28, 35, 7, 1
2025/4/29, 19, 5, 1
2025/4/30, 9, 7, 1
2025/5/1, 17, 9, 1
2025/5/2, 28, 5, 
2025/5/3, 15, 4, 
2025/5/4, 7, 5, 
2025/5/5, 11, 6, 
2025/5/6, 8, 7, 2
2025/5/7, 14, 6, 1
2025/5/8, 14, 5, 1
2025/5/9, 18, 3, 
2025/5/10, 13, 4, 1
2025/5/11, 16, 8, 1
2025/5/12, 21, 12, 3
2025/5/13, 34, 11, 1
2025/5/14, 19, 6, 
2025/5/15, 13, 8, 
2025/5/16, 14, 4, 
2025/5/17, 12, 6, 
2025/5/18, 13, 7, 
2025/5/19, 14, 10, 
2025/5/20, 16, 7, 1
2025/5/21, 14, 1, 1
2025/5/22, 6, 3, 1
2025/5/23, 8, 4, 
2025/5/24, 9, 10, 
2025/5/25, 24, 6, 
2025/5/26, 16, 6, 
2025/5/27, 16, 6, 
2025/5/28, 18, 6, 
2025/5/29, 16, 5, 
2025/5/30, 13, 3, 
2025/5/31, 11, 4, 1
2025/6/1, 13, 6, 
2025/6/2, 20, 9, 1
2025/6/3, 26, 12, 2
2025/6/4, 33, 7, 1
2025/6/5, 20, 6, 
2025/6/6, 20, 4, 
2025/6/7, 12, 5, 2
2025/6/8, 17, 4, 
2025/6/9, 12, 12, 1
2025/6/10, 39, 9, 
2025/6/11, 35, 4, 
2025/6/12, 8, 6, 2
2025/6/13, 14, 5, 1
2025/6/14, 14, 8, 2
2025/6/15, 23, 11, 1
2025/6/16, 32, 11, 
2025/6/17, 36, 8, 
2025/6/18, 29, 3, 
2025/6/19, 10, 2, 
2025/6/20, 8, , 
2025/6/22, 7, 5, 1
2025/6/23, 19, 4, 
2025/6/24, 12, 6, 1
2025/6/25, 21, 6, 1
2025/6/26, 17, 6, 1
2025/6/27, 21, 7, 
2025/6/28, 25, 7, 
2025/6/29, 23, 3, 
2025/6/30, 7, 8, 1
2025/1/1, 7, 2, 2
2025/1/2, 8, 3, 3
2025/1/3, 11, 3, 2
2025/1/4, 12, 6, 5
2025/1/5, 27, 4, 1
2025/1/6, 20, 2, 1
2025/1/7, 9, 3, 2
2025/1/8, 12, 6, 5
2025/1/9, 22, 4, 1
2025/1/10, 18, 3, 
2025/1/11, 12, 1, 1
2025/1/12, 6, 2, 2
2025/1/13, 10, 3, 1
2025/1/14, 11, 3, 4
2025/1/15, 10, 3, 1
2025/1/16, 15, 7, 1
2025/1/17, 30, 6, 1
2025/1/18, 25, 6, 
2025/1/19, 23, 7, 1
2025/1/20, 29, 7, 2
2025/1/21, 33, 7, 3
2025/1/22, 31, 11, 2
2025/1/23, 47, 5, 2
2025/1/24, 21, 9, 
2025/1/25, 29, 8, 1
2025/1/26, 27, 7, 3
2025/1/27, 27, 6, 2
2025/1/28, 22, 2, 3
2025/1/29, 7, 4, 3
2025/1/30, 18, 4, 1
2025/1/31, 17, 4, 
2025/2/1, 10, 4, 1
2025/2/2, 10, 7, 4
2025/2/3, 24, 13, 2
2025/2/4, 50, 9, 2
2025/2/5, 36, 8, 6
2025/2/6, 20, 8, 5
2025/2/7, 31, 12, 1
2025/2/8, 46, 16, 1
2025/2/9, 56, 16, 7
2025/2/10, 49, 9, 6
2025/2/11, 33, 8, 1
2025/2/12, 34, 9, 2
2025/2/13, 24, 16, 2
2025/2/14, 18, 3, 1
2025/2/15, 11, 8, 
2025/2/16, 14, 17, 1
2025/2/17, 16, 14, 2
2025/2/18, 18, 11, 4
2025/2/19, 20, 22, 6
2025/2/20, 35, 23, 2
2025/2/21, 76, 22, 2
2025/2/22, 75, 22, 4
2025/2/23, 71, 7, 2
2025/2/24, 30, 10, 5
2025/2/25, 37, 15, 4
2025/2/26, 27, 13, 7
2025/2/27, 42, 9, 3
2025/2/28, 33, 7, 1
2025/3/1, 26, 6, 
2025/3/2, 17, 9, 
2025/3/3, 24, 9, 1
2025/3/4, 28, 6, 
2025/3/5, 22, 9, 
2025/3/6, 30, 27, 2
2025/3/7, 58, 23, 3
2025/3/8, 56, 21, 4
2025/3/9, 52, 7, 2
2025/3/10, 25, 5, 1
2025/3/11, 9, 4, 2
2025/3/12, 14, 4, 2
2025/3/13, 16, 11, 1
2025/3/14, 15, 6, 1
2025/3/15, 11, 9, 
2025/3/16, 10, 9, 
2025/3/17, 13, 9, 1
2025/3/18, 11, 16, 1
2025/3/19, 32, 19, 2
2025/3/20, 35, 12, 2
2025/3/21, 18, 8, 
2025/3/22, 28, 11, 2
2025/3/23, 30, 33, 7
2025/3/24, 56, 17, 2
2025/3/25, 54, 9, 2
2025/3/26, 28, 11, 2
2025/3/27, 39, 15, 1
2025/3/28, 40, 13, 1
2025/3/29, 37, 8, 1
2025/3/30, 22, 9, 1
2025/3/31, 15, 12, 2
2024/10/1, 13, 3, 1
2024/10/2, 8, 5, 3
2024/10/3, 15, 6, 3
2024/10/4, 20, 4, 1
2024/10/5, 14, 4, 1
2024/10/6, 15, 8, 5
2024/10/7, 25, 11, 3
2024/10/8, 37, 5, 3
2024/10/9, 21, 7, 2
2024/10/10, 27, 3, 1
2024/10/11, 9, 5, 1
2024/10/12, 15, 5, 1
2024/10/13, 17, 6, 3
2024/10/14, 20, 5, 3
2024/10/15, 12, 9, 6
2024/10/16, 24, 7, 4
2024/10/17, 23, 14, 3
2024/10/18, 41, 17, 1
2024/10/19, 55, 12, 1
2024/10/20, 42, 12, 1
2024/10/21, 36, 8, 1
2024/10/22, 26, 7, 1
2024/10/23, 19, 6, 1
2024/10/24, 21, 9, 2
2024/10/25, 30, 17, 5
2024/10/26, 54, 4, 
2024/10/27, 15, 6, 1
2024/10/28, 19, 4, 2
2024/10/29, 13, 4, 1
2024/10/30, 12, 6, 1
2024/10/31, 20, 3, 
2024/11/1, 9, 2, 
2024/11/2, 7, 2, 
2024/11/3, 7, 6, 4
2024/11/4, 9, 3, 2
2024/11/5, 11, 2, 1
2024/11/6, 7, 6, 3
2024/11/7, 16, 8, 3
2024/11/8, 26, 6, 1
2024/11/9, 21, 5, 1
2024/11/10, 21, 9, 3
2024/11/11, 35, 4, 2
2024/11/12, 14, 5, 2
2024/11/13, 19, 7, 2
2024/11/14, 19, 6, 2
2024/11/15, 19, 4, 
2024/11/16, 12, 3, 
2024/11/17, 11, 5, 1
2024/11/18, 11, 6, 8
2024/11/19, 21, 3, 1
2024/11/20, 10, 4, 1
2024/11/21, 12, 11, 2
2024/11/22, 16, 4, 2
2024/11/23, 12, 5, 3
2024/11/24, 19, 7, 1
2024/11/25, 20, 7, 1
2024/11/26, 21, 4, 3
2024/11/27, 13, 2, 2
2024/11/28, 8, 3, 1
2024/11/29, 11, 5, 
2024/11/30, 18, 7, 1
2024/12/1, 28, 9, 3
2024/12/2, 35, 2, 3
2024/12/3, 7, 4, 8
2024/12/4, 15, 7, 8
2024/12/5, 24, 8, 5
2024/12/6, 35, 10, 1
2024/12/7, 42, 10, 1
2024/12/8, 43, 4, 3
2024/12/9, 16, 4, 2
2024/12/10, 18, 5, 3
2024/12/11, 18, 5, 6
2024/12/12, 18, 7, 4
2024/12/13, 28, 3, 
2024/12/14, 15, 1, 1
2024/12/15, 5, 5, 
2024/12/16, 15, 8, 1
2024/12/17, 13, 3, 3
2024/12/18, 13, 6, 2
2024/12/19, 19, 4, 1
2024/12/20, 9, 3, 
2024/12/21, 11, 6, 2
2024/12/22, 20, 6, 6
2024/12/23, 23, 2, 
2024/12/24, 7, 1, 
2024/12/25, 6, 2, 
2024/12/26, 8, 3, 1
2024/12/27, 12, 3, 
2024/12/28, 13, 1, 
2024/12/29, 6, , 
2024/7/4, 10, 4, 
2024/7/5, 11, 5, 
2024/7/6, 17, 5, 
2024/7/7, 13, 4, 
2024/7/8, 12, 5, 
2024/7/9, 12, 6, 1
2024/7/10, 19, 8, 
2024/7/11, 24, 7, 
2024/7/12, 21, 7, 1
2024/7/13, 27, 2, 
2024/7/14, 8, 6, 1
2024/7/15, 19, 8, 1
2024/7/16, 22, 6, 1
2024/7/17, 24, 5, 
2024/7/18, 16, 5, 
2024/7/19, 19, 6, 
2024/7/20, 22, 8, 
2024/7/21, 34, 8, 
2024/7/22, 32, 11, 1
2024/7/23, 34, 10, 3
2024/7/24, 30, 6, 1
2024/7/25, 21, 6, 1
2024/7/26, 19, 6, 
2024/7/27, 20, 5, 
2024/7/28, 15, 3, 
2024/7/29, 7, 5, 
2024/7/30, 16, 7, 
2024/7/31, 22, 5, 
2024/8/1, 12, 5, 
2024/8/2, 14, 9, 1
2024/8/3, 27, 10, 1
2024/8/4, 34, 8, 1
2024/8/5, 32, 11, 1
2024/8/6, 33, 11, 1
2024/8/7, 31, 7, 1
2024/8/8, 25, 7, 
2024/8/9, 21, 6, 
2024/8/10, 17, 4, 
2024/8/11, 13, 3, 
2024/8/12, 8, 5, 1
2024/8/13, 9, 5, 1
2024/8/14, 10, 10, 1
2024/8/15, 20, 7, 1
2024/8/16, 22, 6, 
2024/8/17, 17, 7, 
2024/8/18, 21, 8, 1
2024/8/19, 22, 12, 3
2024/8/20, 28, 10, 1
2024/8/21, 35, 6, 
2024/8/22, 16, 7, 
2024/8/23, 24, 5, 
2024/8/24, 17, 7, 
2024/8/25, 27, 12, 
2024/8/26, 39, 13, 1
2024/8/27, 45, 16, 3
2024/8/28, 44, 20, 2
2024/8/29, 56, 15, 2
2024/8/30, 42, 7, 
2024/8/31, 26, 3, 
2024/9/1, 10, 5, 1
2024/9/2, 16, 5, 1
2024/9/3, 15, 19, 2
2024/9/4, 49, 30, 5
2024/9/5, 60, 23, 3
2024/9/6, 56, 21, 1
2024/9/7, 51, 33, 1
2024/9/8, 68, 30, 2
2024/9/9, 60, 11, 1
2024/9/10, 23, 4, 1
2024/9/11, 13, 3, 1
2024/9/12, 9, 5, 2
2024/9/13, 14, 3, 
2024/9/14, 10, 4, 2
2024/9/15, 11, 11, 5
2024/9/16, 19, 8, 4
2024/9/17, 21, 9, 4
2024/9/18, 29, 12, 4
2024/9/19, 35, 11, 4
2024/9/20, 33, 12, 1
2024/9/21, 39, 6, 
2024/9/22, 21, 11, 3
2024/9/23, 34, 23, 1
2024/9/24, 67, 13, 1
2024/9/25, 39, 4, 1
2024/9/26, 15, 2, 1
2024/9/27, 7, 2, 
2024/9/28, 9, 2, 1
2024/9/29, 7, 4, 4
2024/9/30, 11, 4, 5
2024/4/1, 30, 4, 1
2024/4/2, 17, 5, 1
2024/4/3, 12, 10, 1
2024/4/4, 18, 5, 2
2024/4/5, 23, 3, 1
2024/4/6, 13, 5, 
2024/4/7, 18, 18, 3
2024/4/8, 26, 15, 5
2024/4/9, 31, 11, 1
2024/4/10, 22, 5, 
2024/4/11, 14, 9, 1
2024/4/12, 29, 3, 
2024/4/13, 12, 3, 
2024/4/14, 10, 5, 
2024/4/15, 7, 6, 2
2024/4/16, 13, 7, 2
2024/4/17, 10, 5, 3
2024/4/18, 20, 7, 1
2024/4/19, 23, 6, 
2024/4/20, 19, 8, 2
2024/4/21, 19, 9, 2
2024/4/22, 20, 12, 1
2024/4/23, 28, 17, 3
2024/4/24, 32, 13, 3
2024/4/25, 35, 5, 2
2024/4/26, 18, 6, 
2024/4/27, 26, 12, 1
2024/4/28, 44, 14, 3
2024/4/29, 37, 18, 5
2024/4/30, 29, 8, 1
2024/5/1, 20, 11, 1
2024/5/2, 15, 15, 1
2024/5/3, 22, 14, 2
2024/5/4, 25, 13, 2
2024/5/5, 37, 5, 1
2024/5/6, 15, 7, 1
2024/5/7, 17, 9, 3
2024/5/8, 33, 11, 1
2024/5/9, 42, 4, 
2024/5/10, 14, 5, 
2024/5/11, 13, 7, 1
2024/5/12, 16, 18, 2
2024/5/13, 28, 20, 2
2024/5/14, 29, 12, 1
2024/5/15, 19, 24, 2
2024/5/16, 38, 22, 2
2024/5/17, 43, 21, 2
2024/5/18, 44, 19, 3
2024/5/19, 37, 16, 
2024/5/20, 16, 14, 2
2024/5/21, 12, 19, 1
2024/5/22, 21, 18, 1
2024/5/23, 31, 15, 1
2024/5/24, 50, 16, 1
2024/5/25, 50, 19, 1
2024/5/26, 56, 14, 2
2024/5/27, 42, 20, 2
2024/5/28, 50, 10, 1
2024/5/29, 27, 6, 1
2024/5/30, 16, 17, 2
2024/5/31, 46, 20, 2
2024/6/1, 56, 17, 1
2024/6/2, 49, 18, 1
2024/6/3, 46, 11, 
2024/6/4, 26, 8, 
2024/6/5, 21, 7, 
2024/6/6, 25, 6, 
2024/6/7, 20, 6, 
2024/6/8, 23, 3, 
2024/6/9, 10, 3, 
2024/6/10, 10, 5, 
2024/6/11, 15, 5, 2
2024/6/12, 15, 5, 1
2024/6/13, 17, 5, 1
2024/6/14, 15, 5, 
2024/6/15, 17, 6, 
2024/6/16, 19, 5, 1
2024/6/17, 15, 9, 1
2024/6/18, 25, 6, 1
2024/6/19, 17, 8, 
2024/6/20, 19, 7, 
2024/6/21, 25, 5, 
2024/6/22, 21, 4, 
2024/6/23, 13, 6, 
2024/6/24, 18, 6, 1
2024/6/25, 16, 10, 1
2024/6/26, 25, 14, 1
2024/6/27, 29, , 
2024/1/1, 19, 7, 2
2024/1/2, 23, 7, 1
2024/1/3, 22, 4, 2
2024/1/4, 16, 4, 4
2024/1/5, 18, 7, 3
2024/1/6, 32, 8, 3
2024/1/7, 34, 8, 3
2024/1/8, 31, 6, 3
2024/1/9, 24, 7, 4
2024/1/10, 27, 2, 4
2024/1/11, 9, 4, 2
2024/1/12, 11, 6, 1
2024/1/13, 26, 3, 1
2024/1/14, 11, 2, 2
2024/1/15, 6, 6, 8
2024/1/16, 18, 4, 4
2024/1/17, 18, 4, 2
2024/1/18, 11, 8, 13
2024/1/19, 28, 16, 7
2024/1/20, 60, 5, 1
2024/1/21, 22, 4, 1
2024/1/22, 17, 4, 1
2024/1/23, 16, 4, 4
2024/1/24, 16, 1, 1
2024/1/25, 4, 4, 2
2024/1/26, 20, 4, 1
2024/1/27, 18, 3, 
2024/1/28, 14, 12, 3
2024/1/29, 36, 20, 5
2024/1/30, 65, 7, 3
2024/1/31, 28, 6, 1
2024/2/1, 15, 5, 2
2024/2/2, 17, 4, 
2024/2/3, 15, 3, 
2024/2/4, 12, 10, 2
2024/2/5, 14, 7, 6
2024/2/6, 21, 5, 3
2024/2/7, 21, 9, 9
2024/2/8, 35, 7, 5
2024/2/9, 28, 6, 3
2024/2/10, 25, 10, 2
2024/2/11, 37, 16, 5
2024/2/12, 56, 7, 5
2024/2/13, 30, 12, 6
2024/2/14, 44, 10, 3
2024/2/15, 37, 10, 8
2024/2/16, 40, 3, 1
2024/2/17, 6, 5, 2
2024/2/18, 12, 4, 5
2024/2/19, 17, 5, 2
2024/2/20, 22, 4, 2
2024/2/21, 18, 8, 2
2024/2/22, 34, 7, 1
2024/2/23, 24, 13, 4
2024/2/24, 35, 8, 3
2024/2/25, 25, 16, 6
2024/2/26, 58, 13, 3
2024/2/27, 34, 9, 1
2024/2/28, 25, 15, 1
2024/2/29, 45, 15, 2
2024/3/1, 57, 26, 1
2024/3/2, 78, 25, 2
2024/3/3, 79, 21, 3
2024/3/4, 62, 14, 2
2024/3/5, 48, 12, 4
2024/3/6, 29, 15, 3
2024/3/7, 41, 24, 3
2024/3/8, 47, 6, 1
2024/3/9, 22, 5, 
2024/3/10, 21, 9, 2
2024/3/11, 24, 13, 4
2024/3/12, 31, 9, 2
2024/3/13, 34, 8, 1
2024/3/14, 29, 9, 1
2024/3/15, 35, 4, 
2024/3/16, 14, 3, 
2024/3/17, 6, 14, 2
2024/3/18, 15, 10, 3
2024/3/19, 16, 9, 4
2024/3/20, 36, 6, 2
2024/3/21, 26, 6, 1
2024/3/22, 21, 9, 1
2024/3/23, 27, 8, 3
2024/3/24, 26, 7, 1
2024/3/25, 18, 5, 1
2024/3/26, 21, 18, 2
2024/3/27, 55, 20, 2
2024/3/28, 56, 12, 1
2024/3/29, 33, 7, 1
2024/3/30, 25, 6, 1
2024/3/31, 23, 10, 
2023/10/1, 16, 5, 2
2023/10/2, 19, 6, 2
2023/10/3, 22, 4, 
2023/10/4, 14, 5, 2
2023/10/5, 15, 3, 2
2023/10/6, 12, 2, 
2023/10/7, 6, 2, 
2023/10/8, 6, 2, 2
2023/10/9, 7, , 
2023/10/11, 12, 5, 
2023/10/12, 14, 6, 1
2023/10/13, 18, 4, 
2023/10/14, 12, 2, 
2023/10/15, 7, 2, 1
2023/10/16, 6, 4, 1
2023/10/17, 12, 4, 3
2023/10/18, 12, 5, 3
2023/10/19, 14, 2, 1
2023/10/20, 8, 2, 
2023/10/21, 9, 2, 1
2023/10/22, 10, 3, 3
2023/10/23, 11, 5, 4
2023/10/24, 18, 5, 2
2023/10/25, 20, 4, 4
2023/10/26, 17, 7, 2
2023/10/27, 26, 5, 1
2023/10/28, 18, 4, 1
2023/10/29, 15, 3, 2
2023/10/30, 11, 3, 2
2023/10/31, 10, 2, 1
2023/11/1, 7, 6, 2
2023/11/2, 23, 9, 2
2023/11/3, 39, 6, 1
2023/11/4, 22, 9, 1
2023/11/5, 35, 11, 3
2023/11/6, 44, 6, 4
2023/11/7, 20, 5, 4
2023/11/8, 20, 6, 4
2023/11/9, 24, 5, 2
2023/11/10, 17, 7, 1
2023/11/11, 26, 5, 1
2023/11/12, 19, 2, 1
2023/11/13, 9, 4, 2
2023/11/14, 16, 4, 2
2023/11/15, 13, 9, 4
2023/11/16, 28, 6, 4
2023/11/17, 22, 7, 2
2023/11/18, 26, 7, 2
2023/11/19, 28, 7, 7
2023/11/20, 31, 6, 3
2023/11/21, 23, 6, 1
2023/11/22, 23, 4, 1
2023/11/23, 12, 5, 1
2023/11/24, 7, 5, 
2023/11/25, 13, 3, 1
2023/11/26, 12, 6, 3
2023/11/27, 18, 7, 2
2023/11/28, 24, 9, 10
2023/11/29, 33, 6, 4
2023/11/30, 26, 5, 2
2023/12/1, 20, 5, 2
2023/12/2, 22, 5, 1
2023/12/3, 22, 5, 4
2023/12/4, 22, 12, 11
2023/12/5, 45, 11, 9
2023/12/6, 40, 13, 9
2023/12/7, 48, 9, 8
2023/12/8, 39, 10, 1
2023/12/9, 45, 15, 2
2023/12/10, 56, 8, 4
2023/12/11, 35, 6, 4
2023/12/12, 26, 5, 4
2023/12/13, 22, 6, 6
2023/12/14, 25, 8, 5
2023/12/15, 34, 4, 
2023/12/16, 16, 3, 
2023/12/17, 13, 2, 1
2023/12/18, 8, 7, 1
2023/12/19, 17, 5, 2
2023/12/20, 18, 3, 2
2023/12/21, 14, 4, 1
2023/12/22, 14, 4, 
2023/12/23, 15, 3, 2
2023/12/24, 13, 5, 3
2023/12/25, 21, 6, 4
2023/12/26, 24, 3, 2
2023/12/27, 13, 4, 4
2023/12/28, 15, 4, 2
2023/12/29, 15, 3, 1
2023/12/30, 13, 3, 
2023/12/31, 12, 5, 
2023/7/1, 19, 5, 
2023/7/2, 19, 3, 
2023/7/3, 11, 4, 
2023/7/4, 13, 5, 
2023/7/5, 19, 5, 
2023/7/6, 17, 4, 
2023/7/7, 13, 5, 1
2023/7/8, 18, 6, 1
2023/7/9, 21, 4, 
2023/7/10, 13, 4, 
2023/7/11, 16, 6, 1
2023/7/12, 22, 6, 
2023/7/13, 18, 4, 1
2023/7/14, 15, 4, 
2023/7/15, 15, 5, 
2023/7/16, 21, 5, 
2023/7/17, 16, 3, 
2023/7/18, 10, 3, 
2023/7/19, 9, 3, 
2023/7/20, 11, 3, 
2023/7/21, 11, 3, 
2023/7/22, 10, 3, 
2023/7/23, 11, 4, 1
2023/7/24, 15, 6, 1
2023/7/25, 20, 3, 
2023/7/26, 11, 2, 
2023/7/27, 9, 4, 
2023/7/28, 14, 5, 2
2023/7/29, 17, 6, 2
2023/7/30, 22, 4, 2
2023/7/31, 16, 4, 1
2023/8/1, 15, 4, 1
2023/8/2, 15, 4, 1
2023/8/3, 16, 4, 1
2023/8/4, 15, 6, 
2023/8/5, 21, 6, 3
2023/8/6, 24, 8, 1
2023/8/7, 29, 2, 
2023/8/8, 7, 2, 
2023/8/9, 8, 2, 
2023/8/10, 7, 3, 
2023/8/11, 9, 5, 1
2023/8/12, 18, 5, 
2023/8/13, 20, 6, 2
2023/8/14, 21, 8, 2
2023/8/15, 26, 9, 2
2023/8/16, 33, 5, 1
2023/8/17, 17, 5, 1
2023/8/18, 17, 5, 1
2023/8/19, 20, 7, 
2023/8/20, 27, 6, 1
2023/8/21, 23, 4, 
2023/8/22, 16, 5, 1
2023/8/23, 15, 5, 2
2023/8/24, 17, 6, 4
2023/8/25, 21, 6, 1
2023/8/26, 23, 3, 
2023/8/27, 11, 4, 2
2023/8/28, 15, 5, 2
2023/8/29, 13, 5, 4
2023/8/30, 15, 6, 2
2023/8/31, 16, 4, 2
2023/9/1, 15, 4, 
2023/9/2, 14, 6, 1
2023/9/3, 22, 4, 1
2023/9/4, 14, 5, 1
2023/9/5, 18, 3, 1
2023/9/6, 11, 3, 1
2023/9/7, 9, 7, 3
2023/9/8, 27, 10, 4
2023/9/9, 37, 11, 3
2023/9/10, 44, 10, 2
2023/9/11, 38, 9, 2
2023/9/12, 34, 3, 2
2023/9/13, 11, 2, 1
2023/9/14, 4, 1, 2
2023/9/15, 3, , 
2023/9/18, 26, 10, 1
2023/9/19, 31, 3, 1
2023/9/20, 10, 8, 1
2023/9/21, 25, 12, 2
2023/9/22, 41, 4, 1
2023/9/23, 13, 5, 
2023/9/24, 16, 5, 1
2023/9/25, 15, 12, 2
2023/9/26, 31, 14, 2
2023/9/27, 47, 19, 5
2023/9/28, 59, 12, 2
2023/9/29, 38, 6, 
2023/9/30, 21, 4, 1
2023/4/19, 20, 21, 4
2023/4/20, 29, 17, 3
2023/4/21, 30, 15, 4
2023/4/22, 33, 13, 3
2023/4/23, 36, 15, 2
2023/4/24, 51, 5, 2
2023/4/25, 22, 3, 1
2023/4/26, 9, 4, 1
2023/4/27, 9, 5, 2
2023/4/28, 10, 9, 3
2023/4/29, 20, 3, 
2023/4/30, 10, 6, 1
2023/5/1, 22, 3, 1
2023/5/2, 9, 5, 1
2023/5/3, 9, 6, 1
2023/5/4, 14, 10, 3
2023/5/5, 20, 5, 1
2023/5/6, 16, 8, 1
2023/5/7, 20, 15, 2
2023/5/8, 27, 18, 2
2023/5/9, 32, 17, 2
2023/5/10, 41, 17, 2
2023/5/11, 36, 22, 4
2023/5/12, 39, 17, 2
2023/5/13, 42, 17, 2
2023/5/14, 43, 24, 3
2023/5/15, 53, 19, 3
2023/5/16, 51, 5, 1
2023/5/17, 18, 3, 1
2023/5/18, 9, 8, 3
2023/5/19, 23, 5, 1
2023/5/20, 14, 7, 1
2023/5/21, 18, 11, 2
2023/5/22, 24, 11, 2
2023/5/23, 24, 18, 4
2023/5/24, 38, 11, 1
2023/5/25, 23, 8, 1
2023/5/26, 14, 7, 1
2023/5/27, 17, 8, 
2023/5/28, 20, 7, 1
2023/5/29, 12, 7, 1
2023/5/30, 14, 6, 1
2023/5/31, 13, 7, 1
2023/6/1, 11, 4, 
2023/6/2, 6, 5, 
2023/6/3, 13, 3, 2
2023/6/4, 9, 6, 1
2023/6/5, 15, 8, 1
2023/6/6, 24, 5, 1
2023/6/7, 12, 11, 1
2023/6/8, 31, 4, 
2023/6/9, 8, 3, 1
2023/6/10, 10, 7, 1
2023/6/11, 15, 11, 1
2023/6/12, 22, 11, 2
2023/6/13, 23, 17, 4
2023/6/14, 31, 13, 2
2023/6/15, 29, 15, 3
2023/6/16, 40, 12, 2
2023/6/17, 40, 17, 1
2023/6/18, 61, 16, 1
2023/6/19, 58, 13, 1
2023/6/20, 47, 13, 1
2023/6/21, 48, 8, 1
2023/6/22, 27, 6, 
2023/6/23, 23, 6, 1
2023/6/24, 23, 6, 
2023/6/25, 23, 6, 1
2023/6/26, 19, 7, 1
2023/6/27, 23, 9, 2
2023/6/28, 27, 7, 1
2023/6/29, 22, 8, 1
2023/6/30, 27, 5, 
2023/1/2, 18, 2, 
2023/1/3, 8, 4, 1
2023/1/4, 18, 3, 1
2023/1/5, 12, 10, 
2023/1/6, 29, 5, 1
2023/1/7, 23, 7, 1
2023/1/8, 30, 10, 3
2023/1/9, 35, 4, 1
2023/1/10, 15, 4, 
2023/1/11, 15, 4, 
2023/1/12, 16, 4, 
2023/1/13, 16, 2, 
2023/1/14, 8, 2, 
2023/1/15, 9, 3, 2
2023/1/16, 11, 6, 2
2023/1/17, 24, 2, 2
2023/1/18, 10, 6, 8
2023/1/19, 23, 12, 7
2023/1/20, 45, 6, 1
2023/1/21, 29, 8, 1
2023/1/22, 35, 7, 1
2023/1/23, 28, 6, 2
2023/1/24, 27, 4, 1
2023/1/25, 16, 3, 3
2023/1/26, 11, 4, 4
2023/1/27, 12, 3, 1
2023/1/28, 12, 3, 
2023/1/29, 11, 5, 
2023/1/30, 8, 11, 4
2023/1/31, 18, 4, 5
2023/2/1, 17, 3, 3
2023/2/2, 10, 4, 5
2023/2/3, 16, 8, 2
2023/2/4, 19, 9, 4
2023/2/5, 23, 5, 4
2023/2/6, 19, 5, 2
2023/2/7, 22, 8, 2
2023/2/8, 37, 14, 2
2023/2/9, 43, 9, 1
2023/2/10, 13, 7, 3
2023/2/11, 17, 7, 6
2023/2/12, 25, 5, 2
2023/2/13, 14, 6, 3
2023/2/14, 26, 11, 2
2023/2/15, 45, 14, 3
2023/2/16, 55, 8, 2
2023/2/17, 33, 6, 
2023/2/18, 16, 7, 
2023/2/19, 11, 4, 1
2023/2/20, 11, 6, 2
2023/2/21, 14, 16, 2
2023/2/22, 25, 7, 4
2023/2/23, 30, 9, 4
2023/2/24, 37, 4, 
2023/2/25, 8, 7, 1
2023/2/26, 10, 8, 3
2023/2/27, 13, 11, 2
2023/2/28, 14, 9, 2
2023/3/1, 11, 8, 1
2023/3/2, 11, 14, 1
2023/3/3, 16, 17, 
2023/3/4, 15, 5, 
2023/3/5, 8, 16, 4
2023/3/6, 18, 12, 6
2023/3/7, 27, 3, 1
2023/3/8, 9, 6, 6
2023/3/9, 15, 4, 4
2023/3/10, 17, 7, 2
2023/3/11, 25, 3, 1
2023/3/12, 11, 3, 3
2023/3/13, 10, 2, 1
2023/3/14, 7, 8, 1
2023/3/15, 12, 18, 2
2023/3/16, 23, 13, 2
2023/3/17, 28, 16, 3
2023/3/18, 59, 11, 1
2023/3/19, 41, 5, 2
2023/3/20, 22, 6, 1
2023/3/21, 14, 3, 1
2023/3/22, 12, 7, 1
2023/3/23, 18, 4, 2
2023/3/24, 16, 2, 1
2023/3/25, 10, 3, 1
2023/3/26, 12, 2, 
2023/3/27, 8, , 
2022/10/1, 34, 7, 2
2022/10/2, 31, 10, 2
2022/10/3, 40, 6, 1
2022/10/4, 21, 5, 1
2022/10/5, 21, 4, 2
2022/10/6, 13, , 
2022/12/14, 29, 7, 6
2022/12/15, 29, 7, 5
2022/12/16, 30, 7, 3
2022/12/17, 30, 7, 1
2022/12/18, 33, 12, 4
2022/12/19, 48, 8, 4
2022/12/20, 32, 5, 1
2022/12/21, 19, 4, 1
2022/12/22, 16, 2, 1
2022/12/23, 10, 6, 
2022/12/24, 24, 8, 1
2022/12/25, 33, 7, 
2022/12/26, 31, 4, 
2022/12/27, 13, 4, 4
2022/12/28, 15, 3, 1
2022/12/29, 11, 4, 
2022/12/30, 14, 5, 
2022/12/31, 17, 7, 1
2023/1/1, 27, 5, 4
2022/9/2, 8, 3, 2
2022/9/3, 9, 3, 2
2022/9/4, 11, 4, 6
2022/9/5, 13, 4, 3
2022/9/6, 13, 5, 2
2022/9/7, 14, 4, 1
2022/9/8, 9, 6, 1
2022/9/9, 18, 8, 1
2022/9/10, 29, 9, 3
2022/9/11, 35, 8, 2
2022/9/12, 31, 4, 1
2022/9/13, 18, 2, 1
2022/9/14, 8, 3, 1
2022/9/15, 11, 2, 
2022/9/16, 8, 2, 
2022/9/17, 8, 2, 
2022/9/18, 6, 2, 1
2022/9/19, 8, 4, 3
2022/9/20, 9, 7, 6
2022/9/21, 20, 7, 5
2022/9/22, 20, 6, 2
2022/9/23, 22, 6, 4
2022/9/24, 23, 7, 4
2022/9/25, 30, 6, 2
2022/9/26, 27, 7, 2
2022/9/27, 29, 9, 1
2022/9/28, 35, 5, 3
2022/9/29, 19, 6, 2
2022/9/30, 22, 8, 1
2025/7/7, , 5, 2
2025/8/4, , 6, 
2025/9/3, , 10, 1
2025/6/21, , 2, 
2024/12/31, , 2, 1
2024/7/3, , 3, 
2023/10/10, , 5, 1
2023/9/17, , 8, 2
2023/4/18, , 15, 2
2022/12/13, , 7, 3
2022/9/1, , 3, 2
2025/8/3, , , 
2025/8/31, , , 
2025/9/1, , , 
2025/9/2, , , 1
2023/9/16, , , 1